{"cameraMode":{"drawMode":0,"name":"Shaded","section":"Shading Mode"},"sceneLighting":false,"audioPlay":false,"sceneViewState":{"m_AlwaysRefresh":false,"showFog":true,"showSkybox":false,"showFlares":true,"showImageEffects":true,"showParticleSystems":true,"showVisualEffectGraphs":true,"m_FxEnabled":true},"in2DMode":false,"pivot":{"x":6.8938822746276859,"y":1.2173446416854859,"z":1.7881393432617188e-7},"rotation":{"x":-0.21596723794937135,"y":-0.03309532627463341,"z":0.007324767764657736,"w":-0.9758122563362122},"size":1.915625810623169,"orthographic":false}